{
  "bithigh": 0.1950238739400021,
  "bitlow": -0.22858258263999787,
  "bitvaluehigh": 15.195023873940002,
  "bitvaluelow": 14.906960918880001
}