{
  "bithigh": 0,
  "bitlow": -0.22858258263999787,
  "bitvaluehigh": 14.819866811100002,
  "bitvaluelow": 14.80373490624
}